task_id,priority,days_left,progress,estimated_hours,hours_spent,dependencies,previous_delays,reassignments,team_workload,response_delay,original_days,days_elapsed,expected_progress,progress_gap
T0001,2,11,5.0,29,29,0,4,0,0.4,22.2,11,0,0.0,0.0
T0002,2,6,39.89,26,14,0,4,2,0.73,36.4,8,2,25.0,0.0
T0003,3,5,56.8,34,4,1,0,3,0.36,45.9,17,12,70.59,13.79
T0004,2,7,70.03,15,36,4,2,1,0.32,37.3,19,12,63.16,0.0
T0005,2,12,5.0,9,13,4,4,0,1.0,40.6,15,3,20.0,15.0
T0006,2,12,5.0,15,18,4,2,3,0.7,36.7,12,0,0.0,0.0
T0007,2,1,95.57,2,33,1,4,3,0.54,8.9,17,16,94.12,0.0
T0008,3,2,91.45,17,21,4,3,3,0.43,40.2,9,7,77.78,0.0
T0009,1,10,5.0,19,16,2,4,2,0.68,10.2,11,1,9.09,4.09
T0010,2,3,63.46,8,15,1,1,1,0.24,43.0,14,11,78.57,15.11
T0011,3,1,73.24,16,5,2,0,3,0.28,22.6,7,6,85.71,12.47
T0012,2,4,62.76,25,6,1,3,2,0.23,32.8,11,7,63.64,0.88
T0013,1,9,27.44,14,38,4,3,1,0.6,24.4,15,6,40.0,12.56
T0014,2,6,59.38,10,3,2,1,1,0.68,5.4,15,9,60.0,0.62
T0015,3,3,80.08,16,12,2,4,2,0.25,14.7,12,9,75.0,0.0
T0016,1,8,5.0,36,36,2,0,2,0.78,47.2,9,1,11.11,6.11
T0017,3,3,73.71,25,33,1,3,3,0.38,46.2,8,5,62.5,0.0
T0018,3,7,29.69,34,36,3,0,1,0.75,16.1,12,5,41.67,11.98
T0019,2,10,25.54,17,33,4,3,0,0.99,47.8,12,2,16.67,0.0
T0020,3,5,5.0,9,31,2,4,2,0.75,40.7,7,2,28.57,23.57
T0021,3,9,5.0,30,21,3,3,1,0.91,29.7,10,1,10.0,5.0
T0022,3,9,5.0,24,27,4,3,1,0.96,2.9,9,0,0.0,0.0
T0023,3,1,66.24,32,27,4,2,3,0.59,43.4,6,5,83.33,17.09
T0024,1,1,98.92,15,8,2,4,0,0.76,27.2,12,11,91.67,0.0
T0025,1,12,5.0,31,37,2,1,3,0.88,41.8,16,4,25.0,20.0
T0026,2,2,78.29,28,32,1,1,0,0.49,40.2,18,16,88.89,10.6
T0027,1,4,40.94,17,26,3,4,0,0.41,40.2,10,6,60.0,19.06
T0028,2,0,76.39,7,2,3,1,2,0.96,33.8,6,6,100.0,23.61
T0029,3,12,5.0,34,12,2,4,1,0.78,14.7,16,4,25.0,20.0
T0030,3,5,7.7,19,22,4,1,1,0.38,16.8,9,4,44.44,36.74
T0031,2,0,83.24,17,17,2,2,1,0.56,15.5,5,5,100.0,16.76
T0032,3,15,5.0,13,7,4,1,0,0.84,1.9,16,1,6.25,1.25
T0033,3,4,69.7,21,4,4,3,1,0.64,28.4,14,10,71.43,1.73
T0034,2,8,15.5,30,37,2,4,2,0.72,33.8,10,2,20.0,4.5
T0035,1,11,18.58,31,38,0,0,0,0.8,41.1,17,6,35.29,16.71
T0036,2,11,49.48,27,32,3,0,0,0.7,7.6,16,5,31.25,0.0
T0037,3,2,100.0,23,11,4,4,0,0.63,26.6,13,11,84.62,0.0
T0038,2,4,14.38,34,1,4,2,0,0.8,1.4,5,1,20.0,5.62
T0039,2,10,42.61,30,25,0,1,2,0.78,5.5,15,5,33.33,0.0
T0040,1,14,5.0,23,24,1,2,1,0.7,3.5,15,1,6.67,1.67
T0041,3,18,5.0,14,17,0,0,2,0.49,35.1,19,1,5.26,0.26
T0042,3,13,8.11,10,8,0,4,1,0.52,4.8,14,1,7.14,0.0
T0043,3,2,64.84,25,27,4,4,2,0.98,34.7,16,14,87.5,22.66
T0044,3,15,5.0,16,18,3,2,3,0.29,12.7,16,1,6.25,1.25
T0045,3,0,80.93,37,27,0,2,3,0.41,42.3,19,19,100.0,19.07
T0046,3,13,5.0,14,22,1,1,3,0.59,39.2,18,5,27.78,22.78
T0047,3,18,5.0,28,16,2,3,3,0.87,46.0,18,0,0.0,0.0
T0048,3,5,69.62,38,2,0,3,0,0.33,42.5,19,14,73.68,4.06
T0049,2,9,18.05,8,5,0,1,0,0.42,44.9,18,9,50.0,31.95
T0050,1,5,27.65,9,18,1,3,2,0.25,41.4,7,2,28.57,0.92
T0051,2,0,77.75,38,3,3,0,2,0.76,33.6,16,16,100.0,22.25
T0052,2,7,5.0,15,27,0,3,3,0.39,9.0,11,4,36.36,31.36
T0053,2,5,38.56,13,17,0,1,1,0.51,13.8,8,3,37.5,0.0
T0054,2,4,46.03,37,16,3,3,3,0.55,11.0,13,9,69.23,23.2
T0055,3,0,60.63,18,6,1,4,2,0.91,29.4,7,7,100.0,39.37
T0056,3,9,10.64,30,7,0,2,3,0.53,24.7,9,0,0.0,0.0
T0057,3,6,5.0,28,14,3,0,2,0.32,41.8,7,1,14.29,9.29
T0058,2,11,5.0,2,38,0,4,3,0.62,45.8,11,0,0.0,0.0
T0059,1,6,22.66,35,15,2,4,1,0.97,20.0,9,3,33.33,10.67
T0060,1,6,37.09,5,33,4,1,3,0.69,24.8,13,7,53.85,16.76
T0061,2,7,48.21,25,27,2,2,1,0.99,46.7,11,4,36.36,0.0
T0062,1,5,5.0,22,29,0,2,1,0.87,14.0,6,1,16.67,11.67
T0063,1,3,20.73,34,37,1,0,2,0.23,38.2,8,5,62.5,41.77
T0064,3,9,16.9,8,5,4,1,1,0.73,11.6,13,4,30.77,13.87
T0065,3,15,5.0,2,29,2,0,0,0.43,33.0,16,1,6.25,1.25
T0066,2,6,52.22,4,32,3,3,0,0.65,12.9,18,12,66.67,14.45
T0067,1,1,77.66,16,6,1,4,0,0.42,42.5,6,5,83.33,5.67
T0068,2,4,50.65,32,2,2,0,2,0.48,27.4,14,10,71.43,20.78
T0069,1,3,52.61,17,6,3,4,0,0.94,9.7,13,10,76.92,24.31
T0070,3,4,50.61,11,4,0,1,2,0.37,11.5,14,10,71.43,20.82
T0071,2,7,5.0,30,29,3,3,2,0.9,24.2,9,2,22.22,17.22
T0072,2,0,96.98,7,25,2,1,0,0.22,46.2,6,6,100.0,3.02
T0073,2,0,100.0,30,9,2,3,1,0.27,37.2,8,8,100.0,0.0
T0074,1,1,100.0,18,3,0,3,3,0.88,24.0,16,15,93.75,0.0
T0075,2,9,57.37,23,26,3,4,2,0.7,16.9,19,10,52.63,0.0
T0076,3,1,73.81,25,27,3,1,0,0.8,26.8,16,15,93.75,19.94
T0077,2,4,52.25,18,36,0,1,2,0.37,36.2,11,7,63.64,11.39
T0078,1,13,5.0,22,32,3,0,1,0.63,37.8,16,3,18.75,13.75
T0079,2,10,48.53,12,1,0,1,1,0.79,16.3,17,7,41.18,0.0
T0080,2,9,8.94,8,16,1,0,0,0.7,34.9,12,3,25.0,16.06
T0081,3,17,11.44,6,11,2,2,2,0.58,31.9,19,2,10.53,0.0
T0082,2,0,100.0,22,26,1,2,3,0.97,46.1,7,7,100.0,0.0
T0083,2,16,5.0,19,1,4,2,3,0.74,44.8,18,2,11.11,6.11
T0084,2,3,5.0,36,26,4,1,2,0.93,38.1,5,2,40.0,35.0
T0085,2,7,6.0,21,28,4,1,2,0.78,35.0,8,1,12.5,6.5
T0086,2,2,73.14,16,9,0,0,2,0.79,13.9,6,4,66.67,0.0
T0087,2,3,77.44,6,22,3,3,0,0.26,40.8,12,9,75.0,0.0
T0088,2,6,25.44,14,8,1,0,1,0.49,21.1,8,2,25.0,0.0
T0089,3,4,21.25,13,27,1,2,3,0.89,13.8,6,2,33.33,12.08
T0090,2,14,42.6,22,39,1,0,0,0.39,19.1,18,4,22.22,0.0
T0091,3,9,5.0,38,19,1,3,2,0.29,40.3,10,1,10.0,5.0
T0092,2,1,87.59,7,25,4,1,2,0.46,8.0,10,9,90.0,2.41
T0093,3,2,83.18,8,38,1,0,1,0.38,22.4,14,12,85.71,2.53
T0094,3,3,73.15,27,21,3,2,2,0.94,24.1,8,5,62.5,0.0
T0095,2,6,46.09,9,24,4,2,0,0.89,2.7,10,4,40.0,0.0
T0096,3,12,39.67,10,24,1,1,0,0.6,10.2,17,5,29.41,0.0
T0097,1,19,5.0,28,19,0,0,1,0.25,39.9,19,0,0.0,0.0
T0098,3,2,16.89,5,2,2,3,0,0.77,40.0,6,4,66.67,49.78
T0099,2,6,61.61,22,14,2,1,3,0.7,14.7,14,8,57.14,0.0
T0100,1,5,30.44,32,32,2,0,0,0.98,42.1,16,11,68.75,38.31
T0101,2,5,24.01,22,32,4,4,0,0.65,37.3,6,1,16.67,0.0
T0102,3,1,56.64,26,28,1,2,0,0.47,20.6,14,13,92.86,36.22
T0103,1,17,5.0,16,39,4,3,3,0.62,36.2,18,1,5.56,0.56
T0104,2,8,5.0,36,13,3,3,2,0.98,46.2,8,0,0.0,0.0
T0105,3,5,48.57,38,12,0,3,0,0.76,22.6,18,13,72.22,23.65
T0106,3,7,41.04,29,8,0,2,1,0.74,12.2,19,12,63.16,22.12
T0107,2,11,28.86,15,15,2,0,3,0.39,45.3,19,8,42.11,13.25
T0108,1,3,58.0,5,26,2,1,1,0.79,29.4,12,9,75.0,17.0
T0109,1,4,55.53,21,12,2,0,0,0.8,5.9,18,14,77.78,22.25
T0110,2,3,71.38,35,27,1,1,1,0.45,27.9,11,8,72.73,1.35
T0111,2,2,82.32,13,18,3,3,0,0.59,24.5,16,14,87.5,5.18
T0112,3,6,31.07,34,36,3,0,3,0.44,41.2,13,7,53.85,22.78
T0113,1,8,39.5,25,27,3,3,1,0.41,25.9,18,10,55.56,16.06
T0114,2,0,88.84,21,9,3,4,1,0.22,13.0,12,12,100.0,11.16
T0115,1,9,5.0,6,39,2,3,0,0.43,32.8,9,0,0.0,0.0
T0116,1,14,5.0,39,1,0,3,0,0.64,26.5,17,3,17.65,12.65
T0117,2,6,5.0,31,7,2,1,2,0.2,12.0,6,0,0.0,0.0
T0118,2,12,40.56,25,26,3,4,0,0.43,28.0,19,7,36.84,0.0
T0119,2,9,5.0,8,7,2,3,0,0.91,39.6,9,0,0.0,0.0
T0120,3,10,5.0,37,7,3,3,2,0.67,2.3,12,2,16.67,11.67
T0121,2,2,46.23,39,8,4,4,0,0.69,30.6,14,12,85.71,39.48
T0122,3,10,20.2,17,16,0,4,0,0.52,17.4,13,3,23.08,2.88
T0123,3,2,64.16,16,3,4,0,2,0.74,14.8,16,14,87.5,23.34
T0124,2,2,89.36,24,10,1,1,3,0.35,19.5,16,14,87.5,0.0
T0125,3,3,71.07,13,7,2,4,3,0.85,17.1,16,13,81.25,10.18
T0126,2,4,60.92,30,21,1,4,0,0.29,40.1,17,13,76.47,15.55
T0127,1,6,53.22,16,37,2,2,0,0.72,13.9,13,7,53.85,0.63
T0128,3,16,5.0,30,31,4,4,2,0.47,35.5,17,1,5.88,0.88
T0129,1,7,60.39,22,23,3,1,2,0.8,5.4,19,12,63.16,2.77
T0130,2,4,66.34,16,27,3,3,3,0.64,45.7,17,13,76.47,10.13
T0131,3,3,40.35,15,22,2,3,1,0.56,30.2,5,2,40.0,0.0
T0132,1,6,50.61,17,39,3,3,0,0.34,34.2,13,7,53.85,3.24
T0133,1,9,19.22,16,27,4,3,1,0.71,15.0,11,2,18.18,0.0
T0134,3,7,24.73,5,4,3,2,1,0.98,20.4,13,6,46.15,21.42
T0135,2,10,5.0,28,24,4,4,2,0.86,11.5,12,2,16.67,11.67
T0136,1,0,84.9,24,23,1,3,0,0.25,44.8,5,5,100.0,15.1
T0137,2,6,43.7,30,19,4,0,0,0.5,23.9,16,10,62.5,18.8
T0138,2,1,81.57,10,3,0,3,2,0.94,30.6,12,11,91.67,10.1
T0139,2,0,100.0,8,27,0,4,1,0.6,35.5,12,12,100.0,0.0
T0140,3,2,99.66,5,3,0,3,2,0.73,18.4,19,17,89.47,0.0
T0141,2,6,20.1,6,28,2,2,3,0.93,34.8,15,9,60.0,39.9
T0142,2,2,67.44,6,17,2,1,0,0.9,32.8,7,5,71.43,3.99
T0143,3,3,28.48,12,31,2,1,3,0.6,34.2,5,2,40.0,11.52
T0144,3,10,5.0,29,10,4,4,2,0.55,24.0,12,2,16.67,11.67
T0145,1,1,95.49,17,22,2,1,0,0.47,19.0,7,6,85.71,0.0
T0146,1,0,100.0,31,30,1,1,3,0.78,11.4,7,7,100.0,0.0
T0147,1,5,12.12,5,21,0,0,3,0.43,39.8,5,0,0.0,0.0
T0148,2,9,12.37,3,36,4,4,1,0.4,29.6,15,6,40.0,27.63
T0149,2,5,60.73,4,23,0,4,0,0.48,21.9,9,4,44.44,0.0
T0150,2,3,69.65,22,38,2,1,3,0.34,45.4,14,11,78.57,8.92
T0151,3,2,82.6,7,12,4,1,3,0.76,3.2,11,9,81.82,0.0
T0152,3,8,31.37,19,25,3,1,1,0.69,41.0,14,6,42.86,11.49
T0153,1,5,47.4,6,20,1,2,3,0.59,47.9,13,8,61.54,14.14
T0154,2,0,88.39,10,7,2,3,3,0.51,42.7,16,16,100.0,11.61
T0155,2,5,39.85,21,29,2,2,3,0.93,39.1,11,6,54.55,14.7
T0156,2,8,9.78,29,29,1,4,1,0.22,18.6,13,5,38.46,28.68
T0157,2,3,66.23,27,13,1,0,3,0.82,11.9,12,9,75.0,8.77
T0158,3,5,68.46,19,3,3,3,3,0.92,35.5,16,11,68.75,0.29
T0159,2,6,5.0,20,2,2,0,0,0.56,15.3,6,0,0.0,0.0
T0160,2,5,5.0,4,16,2,4,0,0.64,9.3,5,0,0.0,0.0
T0161,3,8,35.84,10,30,0,4,1,0.96,38.0,11,3,27.27,0.0
T0162,2,3,55.62,37,38,4,0,2,0.37,15.7,11,8,72.73,17.11
T0163,1,15,5.0,32,6,4,0,0,0.62,44.0,18,3,16.67,11.67
T0164,2,3,50.08,18,7,0,0,1,0.58,40.5,12,9,75.0,24.92
T0165,1,7,15.33,24,5,4,4,3,0.41,40.8,9,2,22.22,6.89
T0166,3,7,5.0,35,7,1,1,3,0.85,37.3,7,0,0.0,0.0
T0167,1,4,62.73,6,34,4,0,1,0.92,42.4,16,12,75.0,12.27
T0168,2,11,5.0,16,32,4,3,3,0.83,38.9,12,1,8.33,3.33
T0169,2,7,30.76,4,13,0,4,3,0.36,29.3,10,3,30.0,0.0
T0170,3,1,44.06,20,30,3,2,2,0.27,14.9,15,14,93.33,49.27
T0171,1,2,92.49,29,25,4,2,3,0.68,42.7,7,5,71.43,0.0
T0172,1,4,5.56,4,21,4,3,0,0.25,40.5,5,1,20.0,14.44
T0173,1,1,81.58,39,21,3,1,3,0.74,23.2,7,6,85.71,4.13
T0174,1,2,55.2,5,28,0,0,1,0.62,2.8,9,7,77.78,22.58
T0175,1,12,31.43,25,20,3,4,2,0.73,31.0,19,7,36.84,5.41
T0176,2,2,97.39,32,34,0,0,3,0.67,3.4,18,16,88.89,0.0
T0177,1,4,39.12,12,5,1,4,1,0.54,44.5,7,3,42.86,3.74
T0178,1,3,33.12,38,18,0,2,0,0.36,46.2,5,2,40.0,6.88
T0179,3,0,82.39,2,39,1,0,3,0.44,9.9,9,9,100.0,17.61
T0180,2,6,36.98,10,11,1,3,2,0.62,32.8,14,8,57.14,20.16
T0181,2,7,40.82,18,17,0,1,3,0.72,5.3,11,4,36.36,0.0
T0182,2,14,31.4,2,22,2,3,1,0.82,35.3,19,5,26.32,0.0
T0183,3,17,5.0,4,37,0,1,2,0.81,17.3,18,1,5.56,0.56
T0184,1,1,86.84,27,20,4,0,3,0.98,33.0,11,10,90.91,4.07
T0185,3,8,49.01,32,6,4,0,0,0.43,18.5,15,7,46.67,0.0
T0186,3,3,26.93,27,34,2,1,2,0.26,7.8,13,10,76.92,49.99
T0187,1,7,50.9,24,14,1,2,0,0.48,20.1,19,12,63.16,12.26
T0188,3,14,16.85,31,23,2,4,1,0.79,6.3,19,5,26.32,9.47
T0189,1,10,6.32,11,20,4,3,3,0.55,28.1,14,4,28.57,22.25
T0190,1,6,62.19,9,13,2,3,0,0.85,2.9,14,8,57.14,0.0
T0191,3,16,5.0,26,32,0,3,1,0.64,25.8,16,0,0.0,0.0
T0192,3,12,24.18,23,26,2,0,3,0.94,42.7,17,5,29.41,5.23
T0193,2,2,63.04,16,14,1,3,1,0.96,40.4,7,5,71.43,8.39
T0194,1,4,69.34,11,36,0,4,0,0.26,42.5,19,15,78.95,9.61
T0195,2,8,5.0,21,8,3,4,1,0.57,44.3,11,3,27.27,22.27
T0196,3,0,83.08,24,22,4,1,2,0.69,5.9,5,5,100.0,16.92
T0197,2,1,81.95,2,22,4,0,3,0.4,7.1,8,7,87.5,5.55
T0198,2,9,50.7,3,16,2,4,1,0.53,27.2,17,8,47.06,0.0
T0199,1,2,52.21,20,27,0,2,0,0.74,43.0,8,6,75.0,22.79
T0200,1,16,15.3,15,10,3,0,3,0.38,46.8,18,2,11.11,0.0
T0201,3,7,24.39,9,25,0,0,2,0.68,3.2,9,2,22.22,0.0
T0202,2,4,35.33,39,31,4,4,3,0.76,17.7,11,7,63.64,28.31
T0203,3,7,49.68,13,21,0,2,2,0.27,11.0,11,4,36.36,0.0
T0204,2,14,5.0,27,27,3,1,3,0.6,36.5,17,3,17.65,12.65
T0205,3,14,5.0,28,17,2,4,1,0.41,31.1,19,5,26.32,21.32
T0206,1,14,19.16,30,33,1,2,1,0.78,6.6,15,1,6.67,0.0
T0207,2,7,53.4,16,31,0,0,0,0.35,23.7,17,10,58.82,5.42
T0208,1,5,38.11,2,26,1,2,2,0.91,33.2,8,3,37.5,0.0
T0209,2,3,40.33,29,21,4,0,0,0.54,37.6,17,14,82.35,42.02
T0210,2,6,8.78,4,36,2,4,1,0.36,1.9,11,5,45.45,36.67
T0211,3,10,22.82,19,1,2,4,2,0.55,42.9,15,5,33.33,10.51
T0212,2,7,5.0,35,4,0,3,0,0.53,27.8,7,0,0.0,0.0
T0213,1,3,48.68,33,4,2,3,0,0.54,39.2,10,7,70.0,21.32
T0214,1,11,5.0,30,26,0,3,0,0.67,39.0,16,5,31.25,26.25
T0215,1,4,18.8,26,4,0,4,0,0.62,9.9,6,2,33.33,14.53
T0216,2,1,55.57,27,9,1,1,0,0.32,6.2,14,13,92.86,37.29
T0217,3,16,5.0,9,30,2,4,2,0.25,34.9,17,1,5.88,0.88
T0218,3,4,59.34,20,4,0,2,0,0.78,8.4,18,14,77.78,18.44
T0219,1,3,60.3,23,5,1,4,2,0.65,40.9,13,10,76.92,16.62
T0220,2,2,78.01,30,23,3,4,0,0.49,35.1,9,7,77.78,0.0
T0221,2,1,95.94,34,16,1,0,1,0.85,40.6,10,9,90.0,0.0
T0222,2,4,59.57,39,22,1,0,1,0.51,15.1,16,12,75.0,15.43
T0223,2,5,70.25,36,37,0,0,0,0.84,15.9,16,11,68.75,0.0
T0224,2,12,5.0,4,8,4,4,3,0.44,32.5,16,4,25.0,20.0
T0225,2,11,5.0,20,33,4,1,1,0.26,2.5,16,5,31.25,26.25
T0226,1,3,45.66,11,38,4,2,2,0.95,35.1,8,5,62.5,16.84
T0227,3,15,33.55,28,16,1,2,0,0.52,40.3,18,3,16.67,0.0
T0228,1,0,90.65,16,5,0,1,2,0.83,20.5,18,18,100.0,9.35
T0229,2,12,30.25,12,16,2,1,3,0.42,36.9,15,3,20.0,0.0
T0230,2,14,5.0,27,7,1,2,0,0.72,9.2,14,0,0.0,0.0
T0231,2,8,5.0,25,1,1,3,1,0.9,16.1,11,3,27.27,22.27
T0232,3,0,73.51,14,9,0,0,2,0.23,46.8,16,16,100.0,26.49
T0233,3,2,87.67,33,18,3,0,1,0.86,47.4,13,11,84.62,0.0
T0234,3,11,5.0,38,3,1,2,1,0.66,25.1,11,0,0.0,0.0
T0235,2,5,31.22,5,24,3,1,0,0.69,44.9,18,13,72.22,41.0
T0236,3,0,91.81,14,28,3,3,2,0.62,25.6,5,5,100.0,8.19
T0237,2,1,47.2,10,10,4,2,3,0.9,14.7,5,4,80.0,32.8
T0238,3,0,93.64,35,9,0,0,1,0.23,13.5,13,13,100.0,6.36
T0239,2,5,73.75,38,13,3,4,0,0.41,44.7,15,10,66.67,0.0
T0240,3,15,5.0,8,35,0,1,0,0.9,9.1,18,3,16.67,11.67
T0241,3,1,98.62,2,23,4,4,3,0.8,28.2,13,12,92.31,0.0
T0242,3,6,14.54,13,17,0,2,0,0.21,27.1,8,2,25.0,10.46
T0243,1,17,5.0,22,7,1,0,1,0.61,35.8,17,0,0.0,0.0
T0244,1,8,20.55,12,16,3,3,0,0.62,24.5,13,5,38.46,17.91
T0245,3,6,25.69,15,36,0,4,2,0.52,13.8,7,1,14.29,0.0
T0246,1,4,41.34,35,20,2,3,2,0.44,9.0,11,7,63.64,22.3
T0247,3,1,75.0,35,24,0,0,1,0.75,30.2,10,9,90.0,15.0
T0248,2,8,12.34,26,5,3,4,2,0.37,34.8,12,4,33.33,20.99
T0249,2,9,50.47,5,6,4,3,3,0.84,27.8,15,6,40.0,0.0
T0250,3,4,80.81,27,28,4,3,0,0.84,35.7,13,9,69.23,0.0
T0251,2,7,36.25,17,5,3,4,1,0.53,7.7,18,11,61.11,24.86
T0252,2,8,12.24,11,39,1,0,3,0.43,42.5,9,1,11.11,0.0
T0253,2,1,66.99,3,38,1,3,0,0.43,28.4,5,4,80.0,13.01
T0254,2,0,75.08,36,2,4,2,3,0.59,7.0,7,7,100.0,24.92
T0255,3,13,5.0,20,39,4,4,1,0.78,22.7,14,1,7.14,2.14
T0256,1,16,5.0,7,21,3,1,1,0.49,40.7,16,0,0.0,0.0
T0257,3,8,7.23,20,37,1,1,3,0.69,43.2,12,4,33.33,26.1
T0258,3,11,8.56,9,18,4,0,0,0.51,13.4,19,8,42.11,33.55
T0259,2,15,5.0,15,12,1,2,2,0.44,34.4,15,0,0.0,0.0
T0260,3,2,53.27,11,17,4,3,2,0.22,5.7,10,8,80.0,26.73
T0261,2,2,87.07,4,37,0,1,3,0.2,2.6,12,10,83.33,0.0
T0262,2,6,57.73,39,38,2,0,1,0.38,27.3,13,7,53.85,0.0
T0263,3,3,39.23,30,15,0,2,0,0.53,33.7,8,5,62.5,23.27
T0264,1,3,35.05,16,7,4,2,0,0.88,38.4,5,2,40.0,4.95
T0265,1,2,91.39,24,14,2,0,1,0.84,17.0,18,16,88.89,0.0
T0266,2,1,92.32,24,1,2,0,2,0.41,1.3,5,4,80.0,0.0
T0267,2,1,78.65,19,38,4,3,0,0.4,23.5,14,13,92.86,14.21
T0268,2,7,5.0,20,3,4,0,3,0.38,1.7,8,1,12.5,7.5
T0269,3,3,70.88,29,37,1,3,2,0.47,5.3,16,13,81.25,10.37
T0270,2,8,40.96,27,31,4,3,3,0.6,16.4,18,10,55.56,14.6
T0271,2,3,34.0,11,13,3,4,2,0.55,21.5,11,8,72.73,38.73
T0272,1,5,11.1,5,18,4,2,1,0.37,14.1,6,1,16.67,5.57
T0273,2,4,5.0,3,17,3,2,3,0.3,28.3,7,3,42.86,37.86
T0274,1,3,53.8,4,17,4,2,3,0.21,3.6,5,2,40.0,0.0
T0275,1,7,5.0,8,11,1,4,1,0.32,7.8,9,2,22.22,17.22
T0276,2,5,5.0,17,20,3,3,3,0.76,33.7,5,0,0.0,0.0
T0277,1,5,63.71,32,10,0,3,2,0.39,7.7,12,7,58.33,0.0
T0278,1,0,100.0,11,29,3,0,0,0.57,31.1,5,5,100.0,0.0
T0279,1,4,79.68,20,34,1,4,0,0.67,3.6,15,11,73.33,0.0
T0280,3,1,78.91,29,17,3,0,1,0.91,20.1,5,4,80.0,1.09
T0281,3,4,20.39,18,13,4,4,2,0.91,9.3,6,2,33.33,12.94
T0282,2,6,5.0,29,39,4,0,3,0.8,6.2,6,0,0.0,0.0
T0283,3,12,5.0,20,27,1,1,3,0.23,27.7,16,4,25.0,20.0
T0284,3,8,5.0,38,26,2,2,0,0.66,44.6,10,2,20.0,15.0
T0285,2,7,6.09,24,28,4,2,3,0.83,3.6,11,4,36.36,30.27
T0286,1,5,21.49,21,13,0,3,0,0.21,20.8,9,4,44.44,22.95
T0287,3,1,63.98,14,12,1,1,1,0.64,34.3,5,4,80.0,16.02
T0288,3,3,33.69,14,28,3,2,3,0.89,22.7,5,2,40.0,6.31
T0289,2,5,14.58,12,2,3,3,2,0.58,38.9,7,2,28.57,13.99
T0290,3,5,68.46,16,37,0,1,3,0.2,9.4,18,13,72.22,3.76
T0291,2,5,5.0,18,34,4,2,0,0.21,46.1,6,1,16.67,11.67
T0292,3,6,5.0,29,23,1,0,1,0.53,19.1,9,3,33.33,28.33
T0293,3,4,52.37,20,29,0,4,0,0.32,17.1,16,12,75.0,22.63
T0294,2,5,52.47,5,35,4,1,3,0.73,42.1,14,9,64.29,11.82
T0295,3,2,54.16,23,11,1,3,0,0.77,27.5,10,8,80.0,25.84
T0296,2,10,5.0,23,33,3,1,0,0.34,25.3,11,1,9.09,4.09
T0297,2,1,89.56,38,11,1,3,1,0.91,35.2,8,7,87.5,0.0
T0298,3,4,75.49,35,9,2,1,2,0.55,28.3,11,7,63.64,0.0
T0299,1,9,27.18,34,14,1,3,3,0.31,8.6,15,6,40.0,12.82
T0300,2,5,54.5,34,9,2,2,1,0.81,32.7,12,7,58.33,3.83
T0301,1,2,43.67,13,39,1,0,2,0.83,7.3,15,13,86.67,43.0
T0302,2,3,38.91,3,3,2,2,0,0.71,38.9,5,2,40.0,1.09
T0303,2,14,35.03,29,29,3,0,2,0.88,47.5,19,5,26.32,0.0
T0304,3,10,5.0,11,19,4,2,0,0.79,18.7,10,0,0.0,0.0
T0305,1,6,66.42,23,36,2,2,0,0.91,21.9,12,6,50.0,0.0
T0306,2,9,5.0,18,32,2,1,1,0.55,3.2,9,0,0.0,0.0
T0307,1,0,100.0,27,7,3,4,0,0.8,1.6,8,8,100.0,0.0
T0308,3,6,5.0,4,28,2,3,1,1.0,44.3,6,0,0.0,0.0
T0309,3,10,5.0,8,18,0,3,2,0.78,7.0,10,0,0.0,0.0
T0310,3,4,45.65,9,5,3,3,2,0.29,22.0,10,6,60.0,14.35
T0311,3,14,5.0,21,23,0,0,0,0.61,39.3,15,1,6.67,1.67
T0312,3,6,56.62,13,22,3,3,1,0.67,42.8,19,13,68.42,11.8
T0313,1,1,56.25,36,26,2,3,0,0.34,25.4,5,4,80.0,23.75
T0314,2,6,52.11,18,12,0,1,1,0.97,27.6,13,7,53.85,1.74
T0315,2,9,38.19,29,19,2,2,1,0.34,32.5,16,7,43.75,5.56
T0316,3,13,5.0,11,1,3,3,1,0.34,46.2,15,2,13.33,8.33
T0317,3,4,36.77,23,3,2,4,2,0.93,29.3,10,6,60.0,23.23
T0318,1,12,7.06,39,27,0,3,1,0.57,27.3,17,5,29.41,22.35
T0319,3,2,83.89,34,18,0,0,2,0.25,1.7,7,5,71.43,0.0
T0320,2,6,17.29,23,30,2,0,1,0.68,4.8,8,2,25.0,7.71
T0321,2,10,21.46,38,2,1,0,2,0.68,28.1,16,6,37.5,16.04
T0322,1,13,5.0,14,5,3,3,3,0.25,45.0,15,2,13.33,8.33
T0323,1,1,74.66,28,29,3,1,2,0.98,41.7,8,7,87.5,12.84
T0324,2,6,5.0,16,33,2,4,2,0.64,47.2,7,1,14.29,9.29
T0325,2,11,5.0,23,20,1,3,0,0.65,25.8,14,3,21.43,16.43
T0326,1,1,93.2,31,30,0,1,1,0.62,38.0,7,6,85.71,0.0
T0327,2,5,80.76,38,5,4,1,3,0.69,40.5,19,14,73.68,0.0
T0328,3,3,58.82,35,21,4,3,0,0.41,31.5,7,4,57.14,0.0
T0329,3,8,5.0,35,15,2,3,1,0.43,16.9,8,0,0.0,0.0
T0330,3,8,5.0,36,20,1,1,3,0.61,23.1,11,3,27.27,22.27
T0331,2,2,94.5,20,8,1,1,3,0.85,41.3,8,6,75.0,0.0
T0332,2,3,52.82,9,31,3,1,3,0.24,15.0,13,10,76.92,24.1
T0333,3,2,58.64,34,12,0,3,1,0.68,44.4,5,3,60.0,1.36
T0334,2,0,100.0,29,21,1,1,3,0.85,11.8,12,12,100.0,0.0
T0335,1,6,54.01,38,30,4,0,3,0.33,36.2,11,5,45.45,0.0
T0336,1,6,5.0,26,27,0,3,0,0.21,30.6,6,0,0.0,0.0
T0337,2,12,5.0,37,26,0,0,2,0.45,36.2,12,0,0.0,0.0
T0338,1,1,64.96,18,33,2,2,1,0.67,21.6,5,4,80.0,15.04
T0339,2,11,5.0,25,26,1,3,2,0.31,44.8,15,4,26.67,21.67
T0340,1,16,5.0,22,26,2,2,0,0.54,30.7,16,0,0.0,0.0
T0341,1,0,94.01,3,36,1,1,2,0.64,14.5,13,13,100.0,5.99
T0342,2,10,25.81,32,1,3,1,3,0.68,31.0,13,3,23.08,0.0
T0343,2,1,72.7,34,15,2,4,3,0.42,14.5,6,5,83.33,10.63
T0344,2,10,5.0,31,1,2,1,1,0.52,14.8,11,1,9.09,4.09
T0345,1,10,40.63,13,11,4,2,1,0.82,19.8,19,9,47.37,6.74
T0346,1,14,25.51,13,2,2,1,1,0.95,41.1,18,4,22.22,0.0
T0347,2,4,57.62,25,1,1,3,0,0.89,24.5,14,10,71.43,13.81
T0348,2,6,12.94,25,31,4,1,1,0.65,32.9,7,1,14.29,1.35
T0349,2,11,5.0,12,16,2,4,0,0.53,19.4,11,0,0.0,0.0
T0350,2,11,5.0,14,22,2,1,3,0.47,13.4,16,5,31.25,26.25
T0351,3,2,73.77,28,18,3,2,2,0.3,45.9,14,12,85.71,11.94
T0352,2,10,26.26,9,17,2,2,3,0.29,29.4,13,3,23.08,0.0
T0353,2,1,55.78,11,30,0,1,3,0.75,44.9,8,7,87.5,31.72
T0354,2,2,70.37,9,10,4,2,3,0.41,10.6,16,14,87.5,17.13
T0355,2,1,81.26,21,35,0,2,1,0.4,7.9,5,4,80.0,0.0
T0356,2,2,47.15,9,21,4,4,1,1.0,41.2,6,4,66.67,19.52
T0357,2,1,55.01,10,16,3,3,1,0.35,33.0,5,4,80.0,24.99
T0358,3,4,77.75,8,6,2,4,2,0.32,9.8,18,14,77.78,0.03
T0359,1,13,10.99,15,3,2,0,1,0.28,13.7,16,3,18.75,7.76
T0360,1,8,18.98,29,21,2,4,0,0.66,38.6,9,1,11.11,0.0
T0361,2,7,5.08,3,13,4,1,3,0.7,22.3,9,2,22.22,17.14
T0362,3,13,10.86,9,18,2,3,2,0.49,32.5,15,2,13.33,2.47
T0363,1,8,5.0,14,24,0,1,2,0.63,16.0,11,3,27.27,22.27
T0364,3,10,5.0,22,27,2,0,2,0.83,18.9,13,3,23.08,18.08
T0365,2,4,66.94,29,4,3,3,2,0.85,47.6,13,9,69.23,2.29
T0366,3,5,10.29,36,22,0,2,2,0.97,12.6,7,2,28.57,18.28
T0367,3,5,31.19,24,24,2,4,0,0.86,24.8,7,2,28.57,0.0
T0368,2,3,40.91,16,10,2,1,3,0.65,40.7,7,4,57.14,16.23
T0369,1,5,16.71,3,2,1,0,2,0.34,12.2,8,3,37.5,20.79
T0370,1,2,90.8,13,6,4,2,3,0.28,20.5,12,10,83.33,0.0
T0371,1,1,87.4,37,18,0,4,1,0.24,29.9,10,9,90.0,2.6
T0372,3,5,65.03,4,17,1,2,2,0.73,23.6,12,7,58.33,0.0
T0373,1,0,100.0,6,38,3,4,2,0.85,22.6,5,5,100.0,0.0
T0374,2,7,46.85,4,23,4,3,3,0.61,18.0,12,5,41.67,0.0
T0375,2,1,93.55,20,30,0,2,2,0.24,28.6,8,7,87.5,0.0
T0376,3,9,14.1,3,21,2,2,2,0.63,30.3,15,6,40.0,25.9
T0377,1,4,25.38,38,10,0,2,2,0.95,31.7,5,1,20.0,0.0
T0378,1,2,82.02,18,13,2,3,0,0.68,4.3,12,10,83.33,1.31
T0379,1,1,75.61,15,12,4,0,0,0.85,30.7,8,7,87.5,11.89
T0380,3,9,11.11,29,9,2,4,2,0.84,45.8,10,1,10.0,0.0
T0381,2,4,29.96,28,4,3,2,0,0.95,26.4,12,8,66.67,36.71
T0382,1,8,5.0,11,39,2,3,1,0.82,34.6,8,0,0.0,0.0
T0383,1,4,66.5,4,24,3,0,2,0.8,27.2,18,14,77.78,11.28
T0384,1,0,97.28,37,34,4,4,1,0.39,41.2,7,7,100.0,2.72
T0385,1,8,56.46,39,39,4,3,3,0.25,44.7,18,10,55.56,0.0
T0386,3,2,82.13,26,5,0,4,1,0.61,9.7,13,11,84.62,2.49
T0387,3,4,5.0,23,15,3,2,3,0.3,21.5,7,3,42.86,37.86
T0388,2,10,24.92,31,4,3,0,2,0.97,19.4,13,3,23.08,0.0
T0389,3,2,100.0,22,39,1,3,3,0.43,20.0,17,15,88.24,0.0
T0390,1,3,22.5,31,8,1,0,3,0.88,6.9,6,3,50.0,27.5
T0391,3,14,13.56,29,24,1,2,1,0.51,39.2,18,4,22.22,8.66
T0392,3,2,72.98,32,28,2,0,1,0.46,2.7,6,4,66.67,0.0
T0393,2,0,100.0,27,27,1,0,1,0.95,25.8,6,6,100.0,0.0
T0394,3,1,64.21,23,1,3,1,2,0.49,32.1,10,9,90.0,25.79
T0395,1,7,5.0,22,34,2,0,2,0.51,10.8,7,0,0.0,0.0
T0396,1,9,26.02,2,17,4,4,1,0.28,43.6,17,8,47.06,21.04
T0397,1,8,23.51,38,37,0,3,2,0.74,40.4,13,5,38.46,14.95
T0398,2,6,22.96,14,38,1,1,2,0.43,23.1,8,2,25.0,2.04
T0399,3,1,59.13,22,26,4,3,3,0.67,20.3,5,4,80.0,20.87
T0400,3,1,91.05,10,24,3,3,3,0.67,12.1,8,7,87.5,0.0
T0401,2,5,11.3,18,39,0,2,1,0.78,35.3,5,0,0.0,0.0
T0402,3,8,38.73,22,21,4,2,2,0.8,7.2,18,10,55.56,16.83
T0403,3,3,34.99,32,30,0,1,3,0.61,33.0,9,6,66.67,31.68
T0404,1,8,5.0,23,13,1,2,0,0.46,40.6,8,0,0.0,0.0
T0405,2,8,21.36,13,37,3,2,2,0.87,11.7,12,4,33.33,11.97
T0406,1,8,28.93,7,3,0,2,0,0.45,41.7,12,4,33.33,4.4
T0407,2,2,83.67,17,32,4,3,1,0.61,2.6,11,9,81.82,0.0
T0408,3,2,80.21,27,35,1,1,2,0.52,43.9,7,5,71.43,0.0
T0409,1,2,58.47,6,19,1,3,1,0.88,6.6,5,3,60.0,1.53
T0410,3,0,94.47,10,14,4,4,1,0.55,31.4,5,5,100.0,5.53
T0411,2,16,5.0,15,22,4,3,1,0.51,12.8,16,0,0.0,0.0
T0412,2,1,89.59,31,17,0,4,1,0.75,40.3,15,14,93.33,3.74
T0413,2,2,56.33,27,4,2,0,1,0.68,25.1,7,5,71.43,15.1
T0414,2,4,44.87,30,19,1,0,2,0.29,7.4,10,6,60.0,15.13
T0415,1,9,5.0,20,37,0,4,0,0.61,27.8,11,2,18.18,13.18
T0416,1,3,64.2,9,2,4,4,2,0.79,20.2,10,7,70.0,5.8
T0417,1,4,47.2,24,15,0,3,2,0.99,32.1,18,14,77.78,30.58
T0418,2,4,36.73,36,2,4,4,2,0.7,42.4,18,14,77.78,41.05
T0419,1,2,94.17,32,11,3,1,3,0.5,20.2,10,8,80.0,0.0
T0420,3,6,20.05,36,23,4,0,3,0.38,14.6,10,4,40.0,19.95
T0421,2,9,28.83,33,10,4,0,2,0.9,1.7,17,8,47.06,18.23
T0422,2,6,5.0,6,3,4,4,0,0.85,28.0,7,1,14.29,9.29
T0423,2,7,44.7,17,5,2,2,2,0.39,19.9,10,3,30.0,0.0
T0424,2,4,46.53,18,3,4,2,1,0.36,18.6,12,8,66.67,20.14
T0425,3,11,36.76,33,38,1,4,3,0.77,9.6,15,4,26.67,0.0
T0426,1,6,40.91,39,13,1,1,3,0.45,21.2,15,9,60.0,19.09
T0427,1,6,5.0,33,19,0,2,2,0.45,47.3,6,0,0.0,0.0
T0428,3,7,9.12,21,35,2,4,2,0.32,15.0,9,2,22.22,13.1
T0429,1,8,43.27,3,24,0,1,0,0.41,29.2,18,10,55.56,12.29
T0430,1,0,76.51,21,24,1,1,0,0.54,37.5,5,5,100.0,23.49
T0431,2,15,7.69,19,17,1,3,1,0.79,36.2,16,1,6.25,0.0
T0432,1,13,34.08,2,10,3,1,2,0.47,16.5,19,6,31.58,0.0
T0433,2,4,5.0,30,2,4,2,2,0.46,29.7,5,1,20.0,15.0
T0434,1,8,12.31,30,23,1,2,2,0.43,41.9,9,1,11.11,0.0
T0435,3,0,94.35,20,6,0,4,3,0.58,1.7,16,16,100.0,5.65
T0436,3,7,58.48,7,2,0,4,1,0.34,21.5,17,10,58.82,0.34
T0437,2,5,35.36,9,21,4,1,0,0.59,11.5,7,2,28.57,0.0
T0438,2,6,5.0,25,35,4,0,3,0.76,19.3,8,2,25.0,20.0
T0439,3,2,57.84,21,29,3,3,3,0.22,20.6,7,5,71.43,13.59
T0440,1,5,5.0,15,7,2,0,3,0.21,36.1,5,0,0.0,0.0
T0441,3,2,40.24,6,29,0,1,3,0.26,5.4,5,3,60.0,19.76
T0442,3,11,45.43,35,37,4,1,1,0.63,25.1,16,5,31.25,0.0
T0443,3,16,6.72,17,23,0,0,2,0.88,27.5,16,0,0.0,0.0
T0444,2,2,67.23,8,33,4,3,0,0.2,24.2,18,16,88.89,21.66
T0445,1,7,74.68,17,8,1,0,0,0.95,35.4,17,10,58.82,0.0
T0446,2,1,64.32,8,12,0,4,3,0.29,19.0,18,17,94.44,30.12
T0447,3,5,5.0,28,10,1,2,3,0.87,45.4,9,4,44.44,39.44
T0448,1,10,6.66,15,15,0,4,1,0.59,23.6,10,0,0.0,0.0
T0449,3,1,39.53,15,24,2,2,3,0.73,27.8,7,6,85.71,46.18
T0450,1,0,67.12,34,26,3,1,0,0.61,39.8,16,16,100.0,32.88
T0451,1,10,8.93,34,39,1,3,0,0.58,13.9,13,3,23.08,14.15
T0452,1,1,90.9,21,3,4,0,2,0.87,4.5,9,8,88.89,0.0
T0453,1,12,5.0,37,2,2,3,2,0.8,34.3,12,0,0.0,0.0
T0454,2,10,17.58,8,6,0,0,0,0.59,23.7,17,7,41.18,23.6
T0455,1,5,5.0,33,21,1,4,0,0.29,43.1,5,0,0.0,0.0
T0456,3,12,36.84,4,9,0,4,1,0.29,47.2,18,6,33.33,0.0
T0457,2,9,5.0,30,10,0,0,1,0.84,19.8,9,0,0.0,0.0
T0458,1,7,54.9,25,36,0,3,0,0.62,20.5,19,12,63.16,8.26
T0459,2,2,47.22,23,3,3,0,3,0.59,20.2,7,5,71.43,24.21
T0460,3,0,66.57,7,24,3,1,2,0.74,16.3,16,16,100.0,33.43
T0461,3,1,36.88,25,22,4,4,0,0.89,37.7,5,4,80.0,43.12
T0462,1,1,81.86,24,14,1,1,3,0.7,36.7,8,7,87.5,5.64
T0463,3,1,52.49,39,27,2,4,0,0.81,23.5,19,18,94.74,42.25
T0464,3,0,100.0,11,33,2,4,2,0.81,3.1,17,17,100.0,0.0
T0465,1,9,5.0,17,22,2,2,2,0.49,15.5,9,0,0.0,0.0
T0466,1,9,5.0,12,29,0,1,1,0.42,14.7,11,2,18.18,13.18
T0467,2,4,21.59,33,19,3,1,1,0.84,39.1,5,1,20.0,0.0
T0468,1,6,5.0,7,19,1,2,1,0.5,5.1,7,1,14.29,9.29
T0469,3,1,61.92,25,6,0,3,1,0.92,38.9,6,5,83.33,21.41
T0470,2,2,78.86,34,19,3,1,2,0.26,32.5,13,11,84.62,5.76
T0471,3,14,5.0,13,13,3,0,3,0.25,35.4,14,0,0.0,0.0
T0472,2,2,88.29,28,26,1,2,3,0.94,21.3,19,17,89.47,1.18
T0473,1,5,25.57,39,22,1,1,3,0.72,32.9,10,5,50.0,24.43
T0474,1,12,5.0,19,21,1,3,0,0.5,29.6,14,2,14.29,9.29
T0475,2,1,75.25,14,36,0,1,1,0.8,37.1,7,6,85.71,10.46
T0476,3,9,26.53,31,2,4,4,1,0.74,22.0,12,3,25.0,0.0
T0477,3,18,18.31,14,30,1,0,2,0.62,23.2,18,0,0.0,0.0
T0478,1,5,45.88,35,27,4,2,2,0.28,31.2,12,7,58.33,12.45
T0479,1,2,43.71,37,7,0,4,0,0.85,6.1,6,4,66.67,22.96
T0480,1,13,39.21,31,20,4,3,0,0.89,21.5,19,6,31.58,0.0
T0481,2,8,19.64,26,31,2,4,3,0.34,46.7,10,2,20.0,0.36
T0482,1,2,61.7,3,23,4,4,2,0.88,2.8,11,9,81.82,20.12
T0483,2,5,5.0,37,13,1,3,1,0.9,15.9,6,1,16.67,11.67
T0484,2,1,69.81,19,17,0,4,3,0.64,15.8,19,18,94.74,24.93
T0485,3,2,67.66,6,4,1,2,1,0.72,30.8,15,13,86.67,19.01
T0486,2,13,11.93,20,14,2,1,3,0.51,6.0,14,1,7.14,0.0
T0487,1,3,43.91,19,20,1,4,1,0.43,30.5,6,3,50.0,6.09
T0488,2,14,5.0,33,13,1,2,0,0.78,5.5,14,0,0.0,0.0
T0489,2,2,40.45,22,3,1,1,3,0.89,5.5,5,3,60.0,19.55
T0490,2,11,5.0,11,26,3,1,1,0.72,35.2,12,1,8.33,3.33
T0491,3,1,63.9,38,26,2,4,1,0.61,16.2,5,4,80.0,16.1
T0492,3,6,29.55,23,18,1,2,2,0.33,46.9,13,7,53.85,24.3
T0493,1,15,5.0,14,32,1,4,3,0.24,2.8,15,0,0.0,0.0
T0494,1,2,63.12,18,14,1,3,1,0.56,21.9,10,8,80.0,16.88
T0495,2,5,55.51,10,3,0,1,2,0.24,6.3,11,6,54.55,0.0
T0496,3,15,5.0,25,1,3,4,1,0.66,17.5,17,2,11.76,6.76
T0497,1,7,45.95,15,26,0,1,3,0.51,47.9,14,7,50.0,4.05
T0498,2,5,49.96,9,24,3,2,0,0.81,42.8,11,6,54.55,4.59
T0499,2,4,75.71,38,35,1,0,3,0.44,3.3,14,10,71.43,0.0
T0500,1,1,51.84,20,14,2,4,3,0.67,27.5,7,6,85.71,33.87
T0501,2,2,72.74,29,3,4,4,1,0.63,31.4,6,4,66.67,0.0
T0502,3,6,47.15,31,13,4,1,1,0.2,10.8,13,7,53.85,6.7
T0503,1,7,54.33,8,14,1,2,3,0.26,7.8,12,5,41.67,0.0
T0504,2,3,58.06,27,21,0,3,2,0.43,43.5,17,14,82.35,24.29
T0505,2,12,5.0,12,26,2,2,2,0.91,46.5,16,4,25.0,20.0
T0506,3,12,5.0,15,3,3,4,2,0.32,47.6,14,2,14.29,9.29
T0507,3,9,21.44,22,4,1,3,1,0.77,38.1,11,2,18.18,0.0
T0508,2,13,5.0,9,36,2,2,1,0.98,32.2,13,0,0.0,0.0
T0509,3,1,91.73,4,1,2,0,3,0.83,17.2,8,7,87.5,0.0
T0510,2,16,5.0,29,33,3,1,0,0.39,9.1,17,1,5.88,0.88
T0511,2,6,8.13,30,7,2,2,1,0.93,4.7,8,2,25.0,16.87
T0512,1,0,100.0,24,11,0,2,3,0.27,33.6,5,5,100.0,0.0
T0513,1,5,61.67,19,27,0,0,3,0.57,37.9,12,7,58.33,0.0
T0514,1,5,81.32,36,14,0,4,0,0.91,39.8,18,13,72.22,0.0
T0515,2,8,58.35,14,22,2,1,2,0.71,43.9,18,10,55.56,0.0
T0516,1,1,89.36,13,16,0,2,3,0.53,42.4,16,15,93.75,4.39
T0517,3,4,24.58,6,12,3,3,3,0.43,48.0,7,3,42.86,18.28
T0518,1,8,37.43,12,10,2,2,3,0.5,12.5,11,3,27.27,0.0
T0519,1,15,17.13,12,24,4,1,2,0.61,36.9,19,4,21.05,3.92
T0520,2,3,85.0,32,18,2,2,2,0.46,28.6,16,13,81.25,0.0
T0521,3,0,100.0,32,22,3,0,0,0.98,13.3,6,6,100.0,0.0
T0522,1,0,68.65,14,9,4,2,1,0.95,47.1,6,6,100.0,31.35
T0523,2,10,9.62,15,17,2,2,2,0.9,43.2,11,1,9.09,0.0
T0524,3,13,17.89,26,38,0,3,1,0.54,7.0,19,6,31.58,13.69
T0525,1,1,54.93,34,13,1,0,1,0.75,2.2,10,9,90.0,35.07
T0526,2,1,62.29,34,37,1,0,2,0.92,33.4,7,6,85.71,23.42
T0527,3,13,5.0,16,6,0,2,3,0.88,29.4,13,0,0.0,0.0
T0528,1,8,70.82,17,21,1,3,0,0.53,45.0,14,6,42.86,0.0
T0529,2,1,57.7,39,36,1,2,1,0.29,12.0,19,18,94.74,37.04
T0530,2,3,71.63,7,7,0,2,3,0.26,5.0,18,15,83.33,11.7
T0531,2,14,11.8,26,36,0,1,2,0.66,13.2,17,3,17.65,5.85
T0532,1,9,5.0,16,25,2,1,1,0.71,1.9,10,1,10.0,5.0
T0533,1,13,5.0,5,11,2,3,1,0.88,2.7,14,1,7.14,2.14
T0534,2,14,5.0,5,14,0,4,1,0.43,44.0,14,0,0.0,0.0
T0535,1,6,41.94,31,29,3,1,3,0.33,17.5,10,4,40.0,0.0
T0536,3,2,66.26,35,10,1,4,3,0.5,20.3,5,3,60.0,0.0
T0537,2,7,5.0,28,5,2,0,3,0.48,1.9,8,1,12.5,7.5
T0538,2,12,5.0,32,8,1,1,1,0.31,13.7,14,2,14.29,9.29
T0539,3,4,44.21,33,5,4,1,1,0.74,38.8,10,6,60.0,15.79
T0540,2,8,18.55,10,24,0,3,0,0.61,29.9,19,11,57.89,39.34
T0541,1,7,39.01,9,26,3,4,0,0.78,36.4,10,3,30.0,0.0
T0542,3,11,24.48,15,6,4,1,3,0.48,22.0,15,4,26.67,2.19
T0543,1,12,28.9,34,16,4,1,3,0.46,15.6,16,4,25.0,0.0
T0544,1,4,60.82,24,36,4,3,2,0.58,23.7,9,5,55.56,0.0
T0545,3,0,69.28,22,12,0,3,3,0.9,16.2,5,5,100.0,30.72
T0546,2,4,57.98,13,11,2,4,0,0.23,40.4,12,8,66.67,8.69
T0547,2,8,5.0,3,3,0,0,0,0.84,15.0,9,1,11.11,6.11
T0548,1,5,74.42,14,37,2,0,0,0.5,32.0,16,11,68.75,0.0
T0549,2,14,5.0,5,6,4,2,1,0.88,7.4,16,2,12.5,7.5
T0550,1,5,53.28,21,19,4,1,1,0.84,33.3,16,11,68.75,15.47
T0551,3,2,91.29,15,18,3,4,3,0.48,43.9,9,7,77.78,0.0
T0552,1,11,7.41,31,16,2,1,2,0.76,29.6,11,0,0.0,0.0
T0553,3,1,75.34,30,23,4,4,2,0.33,27.3,8,7,87.5,12.16
T0554,2,0,83.55,9,37,1,4,2,0.92,46.2,10,10,100.0,16.45
T0555,3,4,28.88,13,9,3,4,1,0.52,30.5,17,13,76.47,47.59
T0556,3,2,71.21,39,3,0,1,0,0.56,13.2,8,6,75.0,3.79
T0557,2,2,86.36,27,8,3,3,0,0.76,14.7,18,16,88.89,2.53
T0558,2,2,68.03,3,38,1,1,1,0.86,34.1,19,17,89.47,21.44
T0559,1,5,37.4,15,4,2,4,2,0.39,35.6,7,2,28.57,0.0
T0560,1,11,5.0,7,12,0,2,2,0.73,15.3,11,0,0.0,0.0
T0561,3,4,35.28,32,31,0,0,3,0.51,17.2,12,8,66.67,31.39
T0562,3,1,55.11,18,25,2,4,3,0.49,47.6,8,7,87.5,32.39
T0563,2,16,5.0,26,16,3,2,2,0.75,5.8,17,1,5.88,0.88
T0564,1,2,56.17,33,14,4,3,1,0.51,20.0,6,4,66.67,10.5
T0565,2,10,39.21,13,13,3,4,2,0.48,3.9,16,6,37.5,0.0
T0566,2,6,46.09,14,7,1,2,3,0.87,39.6,14,8,57.14,11.05
T0567,2,8,41.13,20,12,4,4,2,0.28,5.3,18,10,55.56,14.43
T0568,3,2,24.44,26,37,3,1,1,0.74,32.7,7,5,71.43,46.99
T0569,3,2,71.08,32,4,2,2,0,0.4,3.7,5,3,60.0,0.0
T0570,1,3,67.77,38,2,1,1,1,0.21,32.6,12,9,75.0,7.23
T0571,2,7,62.44,26,35,1,1,1,0.33,40.6,19,12,63.16,0.72
T0572,2,6,5.0,17,3,1,2,3,0.69,19.7,7,1,14.29,9.29
T0573,2,12,5.0,39,4,4,0,1,0.77,25.5,16,4,25.0,20.0
T0574,1,4,50.53,24,38,0,2,1,0.22,19.9,14,10,71.43,20.9
T0575,1,6,40.23,15,12,4,0,3,0.23,15.1,11,5,45.45,5.22
T0576,3,13,5.0,7,19,3,4,3,0.92,38.8,14,1,7.14,2.14
T0577,2,5,26.71,26,10,0,4,0,0.26,13.8,9,4,44.44,17.73
T0578,2,5,73.99,24,1,3,2,2,0.92,35.0,14,9,64.29,0.0
T0579,3,6,28.5,13,17,0,4,1,0.38,10.7,9,3,33.33,4.83
T0580,3,10,44.05,14,16,4,3,3,0.79,12.7,18,8,44.44,0.39
T0581,1,6,48.4,37,9,1,1,0,0.45,16.8,11,5,45.45,0.0
T0582,2,18,5.0,35,9,2,1,2,0.89,28.7,19,1,5.26,0.26
T0583,2,13,5.0,7,9,1,0,3,0.76,22.4,13,0,0.0,0.0
T0584,3,12,5.0,39,12,4,4,2,0.52,36.0,16,4,25.0,20.0
T0585,3,1,100.0,9,15,0,0,2,0.26,11.0,9,8,88.89,0.0
T0586,2,0,100.0,9,2,1,1,1,0.79,1.5,5,5,100.0,0.0
T0587,2,5,62.9,34,11,4,1,1,0.69,37.5,14,9,64.29,1.39
T0588,3,3,74.15,35,11,3,4,3,0.2,39.6,14,11,78.57,4.42
T0589,1,1,73.07,16,8,2,3,2,0.21,3.8,5,4,80.0,6.93
T0590,1,10,17.28,37,32,1,3,3,0.85,29.7,19,9,47.37,30.09
T0591,2,1,73.18,36,6,0,4,3,0.41,18.8,6,5,83.33,10.15
T0592,1,13,11.22,23,20,3,4,2,0.71,38.3,18,5,27.78,16.56
T0593,1,0,100.0,24,39,4,0,3,0.56,42.1,10,10,100.0,0.0
T0594,3,6,49.1,23,35,2,4,2,0.89,41.0,13,7,53.85,4.75
T0595,3,11,5.0,6,8,0,3,2,0.93,37.5,12,1,8.33,3.33
T0596,2,6,43.73,32,34,4,4,2,1.0,13.6,17,11,64.71,20.98
T0597,1,1,80.22,14,19,4,0,2,0.32,39.2,9,8,88.89,8.67
T0598,1,1,94.51,29,7,1,0,0,0.89,26.1,5,4,80.0,0.0
T0599,1,11,13.91,21,31,1,0,2,0.41,3.5,17,6,35.29,21.38
T0600,1,2,88.65,34,18,0,0,1,0.67,22.5,11,9,81.82,0.0
T0601,3,7,65.05,17,14,4,2,1,0.6,45.3,19,12,63.16,0.0
T0602,1,9,5.0,30,39,1,4,1,0.21,42.7,9,0,0.0,0.0
T0603,2,1,58.21,24,36,2,1,2,0.95,5.8,10,9,90.0,31.79
T0604,1,4,64.59,25,17,2,4,1,0.26,36.0,17,13,76.47,11.88
T0605,3,10,14.96,35,37,4,2,0,0.75,38.9,11,1,9.09,0.0
T0606,3,4,31.84,8,9,1,0,3,0.83,13.8,7,3,42.86,11.02
T0607,3,6,18.44,39,20,0,2,2,0.84,23.2,16,10,62.5,44.06
T0608,3,14,5.0,38,28,0,3,1,0.31,34.4,14,0,0.0,0.0
T0609,2,5,24.86,5,20,0,3,0,0.56,21.6,7,2,28.57,3.71
T0610,1,5,15.7,35,36,2,4,3,0.86,6.3,9,4,44.44,28.74
T0611,2,7,19.68,23,27,1,4,0,0.44,34.2,10,3,30.0,10.32
T0612,2,11,5.0,6,8,1,1,1,0.57,43.8,13,2,15.38,10.38
T0613,2,7,48.51,24,32,2,1,0,0.42,31.7,17,10,58.82,10.31
T0614,1,11,24.49,16,1,0,3,3,0.57,37.4,18,7,38.89,14.4
T0615,1,6,30.77,32,17,0,0,1,0.91,17.8,16,10,62.5,31.73
T0616,2,6,15.57,10,9,4,2,3,0.56,9.6,9,3,33.33,17.76
T0617,2,3,70.18,26,20,3,1,0,0.64,31.2,19,16,84.21,14.03
T0618,3,3,37.4,26,32,1,1,2,0.52,16.4,5,2,40.0,2.6
T0619,1,12,51.74,22,2,1,0,2,0.57,41.4,18,6,33.33,0.0
T0620,2,11,42.69,10,32,1,0,2,0.21,6.8,18,7,38.89,0.0
T0621,1,16,5.0,39,9,3,4,2,0.43,21.4,18,2,11.11,6.11
T0622,1,3,61.33,23,30,4,2,3,0.55,19.6,8,5,62.5,1.17
T0623,2,8,5.0,24,20,3,0,2,0.71,45.1,9,1,11.11,6.11
T0624,1,2,69.1,5,38,0,1,3,0.56,8.2,16,14,87.5,18.4
T0625,1,7,55.7,30,1,0,1,1,0.47,1.5,14,7,50.0,0.0
T0626,2,9,23.13,16,5,1,3,2,0.51,12.2,14,5,35.71,12.58
T0627,1,4,63.24,2,35,2,0,3,0.39,39.6,9,5,55.56,0.0
T0628,1,7,5.0,31,36,1,4,2,0.94,10.8,11,4,36.36,31.36
T0629,1,1,77.85,30,1,2,2,2,0.62,12.3,8,7,87.5,9.65
T0630,1,5,5.0,21,14,3,4,2,0.21,7.1,5,0,0.0,0.0
T0631,1,15,14.47,34,9,0,1,3,0.22,34.6,18,3,16.67,2.2
T0632,2,4,79.54,37,30,2,4,0,0.98,4.3,18,14,77.78,0.0
T0633,1,6,21.46,23,24,3,1,2,0.38,16.6,9,3,33.33,11.87
T0634,1,9,5.0,14,4,0,1,2,0.84,14.3,11,2,18.18,13.18
T0635,2,12,5.0,8,14,2,1,1,0.25,27.1,14,2,14.29,9.29
T0636,2,11,18.48,9,25,1,1,0,0.94,35.3,14,3,21.43,2.95
T0637,3,0,96.32,29,4,1,1,3,0.9,26.0,10,10,100.0,3.68
T0638,3,9,5.0,10,25,1,3,1,0.66,44.8,9,0,0.0,0.0
T0639,3,7,5.0,26,10,3,4,2,0.21,45.7,8,1,12.5,7.5
T0640,2,6,5.0,17,35,1,3,1,0.41,18.0,6,0,0.0,0.0
T0641,2,7,16.13,11,7,4,3,1,0.53,37.6,8,1,12.5,0.0
T0642,2,11,36.43,12,13,0,0,2,0.57,35.7,19,8,42.11,5.68
T0643,1,6,38.9,32,4,3,0,0,0.44,43.0,14,8,57.14,18.24
T0644,1,7,17.2,13,36,1,0,0,0.23,22.1,14,7,50.0,32.8
T0645,1,7,5.0,32,14,0,2,1,0.67,25.9,7,0,0.0,0.0
T0646,3,14,5.0,15,18,2,0,2,0.62,20.5,14,0,0.0,0.0
T0647,2,5,15.01,33,8,1,4,3,0.43,41.0,5,0,0.0,0.0
T0648,3,0,100.0,18,32,0,3,1,0.23,11.8,12,12,100.0,0.0
T0649,2,2,52.38,36,27,4,4,3,1.0,12.3,9,7,77.78,25.4
T0650,2,8,31.21,2,37,2,0,1,0.59,18.5,17,9,52.94,21.73
T0651,1,0,98.24,30,23,4,2,1,0.8,11.8,8,8,100.0,1.76
T0652,1,6,38.13,5,7,0,2,2,0.56,27.4,12,6,50.0,11.87
T0653,3,9,5.0,24,12,4,3,2,0.23,7.3,11,2,18.18,13.18
T0654,2,4,14.09,29,25,0,4,3,0.45,16.0,6,2,33.33,19.24
T0655,2,4,5.0,17,3,0,1,3,0.46,43.9,5,1,20.0,15.0
T0656,3,12,26.05,13,26,4,4,0,0.87,20.2,16,4,25.0,0.0
T0657,1,4,55.82,22,4,0,0,2,0.72,36.2,15,11,73.33,17.51
T0658,3,6,5.0,18,36,1,1,1,0.42,6.3,8,2,25.0,20.0
T0659,2,7,5.0,14,15,0,2,1,0.97,12.6,12,5,41.67,36.67
T0660,2,15,5.0,33,32,3,3,0,0.46,38.9,16,1,6.25,1.25
T0661,2,3,14.26,38,29,0,3,2,1.0,36.9,6,3,50.0,35.74
T0662,1,5,21.38,16,10,3,2,1,1.0,19.1,7,2,28.57,7.19
T0663,1,12,10.37,13,21,0,0,0,0.35,45.9,16,4,25.0,14.63
T0664,2,2,42.77,16,16,0,2,0,0.45,43.8,5,3,60.0,17.23
T0665,3,3,28.22,35,19,4,0,1,0.59,46.2,5,2,40.0,11.78
T0666,3,1,69.69,7,29,1,1,1,0.73,21.1,17,16,94.12,24.43
T0667,1,3,14.28,18,18,1,2,3,0.62,10.3,7,4,57.14,42.86
T0668,2,15,5.0,21,16,2,0,2,0.98,30.5,15,0,0.0,0.0
T0669,1,0,79.84,10,1,4,1,3,0.78,33.2,9,9,100.0,20.16
T0670,1,0,100.0,6,2,4,2,0,0.37,6.9,16,16,100.0,0.0
T0671,2,1,73.8,24,15,1,3,1,0.28,38.0,7,6,85.71,11.91
T0672,2,2,37.75,34,39,4,2,3,0.75,1.8,5,3,60.0,22.25
T0673,1,0,82.48,39,28,1,4,0,0.33,23.7,5,5,100.0,17.52
T0674,1,5,66.45,15,1,4,2,2,0.83,16.6,12,7,58.33,0.0
T0675,3,12,12.64,18,5,0,4,1,0.45,35.8,14,2,14.29,1.65
T0676,1,8,22.64,20,22,1,1,3,0.46,15.7,15,7,46.67,24.03
T0677,2,0,96.24,34,36,1,2,2,0.21,39.9,16,16,100.0,3.76
T0678,2,13,12.77,2,13,3,1,3,0.76,29.0,17,4,23.53,10.76
T0679,1,2,93.69,14,1,4,1,0,0.29,38.3,17,15,88.24,0.0
T0680,1,11,28.11,28,16,4,0,2,0.82,47.5,16,5,31.25,3.14
T0681,2,12,33.46,7,22,1,1,3,0.59,32.9,19,7,36.84,3.38
T0682,3,1,94.01,7,32,0,1,2,0.83,47.3,18,17,94.44,0.43
T0683,2,6,5.0,34,16,0,2,0,0.67,2.4,6,0,0.0,0.0
T0684,2,6,34.92,31,15,0,2,2,0.27,16.9,17,11,64.71,29.79
T0685,3,1,69.54,36,12,4,3,3,0.81,6.1,7,6,85.71,16.17
T0686,3,4,9.31,24,1,3,0,0,0.26,13.3,6,2,33.33,24.02
T0687,2,6,22.36,11,17,1,1,1,0.58,40.4,7,1,14.29,0.0
T0688,2,3,71.24,20,28,2,0,3,0.34,2.5,11,8,72.73,1.49
T0689,2,1,60.92,29,7,3,4,3,0.8,25.4,5,4,80.0,19.08
T0690,2,5,58.46,24,9,2,1,0,0.93,27.7,14,9,64.29,5.83
T0691,2,3,64.78,5,22,3,0,0,0.64,27.4,12,9,75.0,10.22
T0692,2,2,76.98,21,26,0,3,1,0.62,23.3,17,15,88.24,11.26
T0693,1,8,27.86,20,12,4,3,3,0.81,38.2,14,6,42.86,15.0
T0694,2,14,5.0,28,7,2,1,0,0.2,7.3,14,0,0.0,0.0
T0695,1,8,44.55,35,15,3,4,1,0.93,15.6,14,6,42.86,0.0
T0696,1,12,20.25,5,38,4,3,1,0.36,29.9,18,6,33.33,13.08
T0697,1,1,84.65,39,21,2,3,0,0.99,33.5,6,5,83.33,0.0
T0698,2,1,63.94,8,14,1,4,3,0.79,20.0,7,6,85.71,21.77
T0699,2,9,9.77,8,2,3,0,2,0.82,42.1,13,4,30.77,21.0
T0700,1,5,26.64,27,8,1,3,2,0.72,20.5,11,6,54.55,27.91
T0701,2,0,99.68,27,6,0,2,1,0.58,19.9,8,8,100.0,0.32
T0702,2,12,5.0,20,37,1,3,2,0.66,2.7,14,2,14.29,9.29
T0703,1,2,56.0,10,37,1,0,2,0.24,26.9,9,7,77.78,21.78
T0704,2,5,20.06,21,33,3,0,0,0.7,34.3,6,1,16.67,0.0
T0705,3,0,98.66,17,6,0,1,1,0.7,6.4,17,17,100.0,1.34
T0706,3,1,69.61,18,26,1,2,3,0.91,15.4,15,14,93.33,23.72
T0707,2,11,35.08,23,39,4,0,1,0.6,37.7,17,6,35.29,0.21
T0708,2,10,14.53,14,37,2,4,0,0.26,18.2,12,2,16.67,2.14
T0709,1,7,15.61,13,14,1,2,2,0.44,12.4,8,1,12.5,0.0
T0710,1,3,38.04,11,37,0,2,3,0.72,32.6,13,10,76.92,38.88
T0711,1,0,87.15,2,8,1,4,1,0.39,10.2,9,9,100.0,12.85
T0712,3,11,16.56,33,39,2,3,2,0.42,43.1,17,6,35.29,18.73
T0713,1,13,5.0,31,13,0,4,1,0.86,6.0,13,0,0.0,0.0
T0714,1,1,88.27,9,13,3,4,3,0.67,34.2,8,7,87.5,0.0
T0715,3,12,5.0,22,28,0,3,1,0.61,24.5,14,2,14.29,9.29
T0716,3,8,5.0,23,18,3,3,1,0.45,41.9,9,1,11.11,6.11
T0717,3,11,18.51,19,19,0,3,1,0.78,6.9,13,2,15.38,0.0
T0718,1,8,12.23,3,38,2,3,2,0.43,32.9,12,4,33.33,21.1
T0719,1,5,5.0,10,32,2,3,3,0.79,27.9,7,2,28.57,23.57
T0720,2,4,5.0,4,22,0,4,3,0.26,23.6,5,1,20.0,15.0
T0721,1,1,65.37,27,2,1,1,2,0.89,24.1,7,6,85.71,20.34
T0722,1,2,46.4,22,13,2,1,2,0.6,34.9,8,6,75.0,28.6
T0723,2,3,69.63,31,23,3,0,2,0.55,45.1,6,3,50.0,0.0
T0724,3,5,5.0,29,25,3,1,0,0.69,5.3,5,0,0.0,0.0
T0725,2,8,5.0,37,28,4,1,1,0.7,1.9,11,3,27.27,22.27
T0726,2,0,100.0,27,11,3,4,1,0.31,38.9,12,12,100.0,0.0
T0727,2,6,28.58,35,33,4,3,3,0.8,6.1,11,5,45.45,16.87
T0728,1,6,55.29,9,24,0,3,1,0.42,47.4,18,12,66.67,11.38
T0729,2,8,5.0,11,2,0,4,0,0.92,30.1,9,1,11.11,6.11
T0730,1,16,5.0,15,30,0,1,2,0.85,31.6,16,0,0.0,0.0
T0731,1,1,37.41,16,17,1,4,3,0.48,10.3,5,4,80.0,42.59
T0732,3,2,66.22,18,34,1,0,3,0.85,12.3,11,9,81.82,15.6
T0733,1,6,59.68,19,38,4,3,1,0.49,32.0,17,11,64.71,5.03
T0734,3,10,5.0,33,22,3,2,3,0.28,43.8,11,1,9.09,4.09
T0735,1,7,61.74,39,5,3,0,2,0.97,47.2,13,6,46.15,0.0
T0736,2,5,24.1,24,16,0,0,3,0.72,10.3,7,2,28.57,4.47
T0737,2,4,75.45,24,13,2,4,2,0.56,7.3,13,9,69.23,0.0
T0738,1,17,25.75,36,26,1,1,0,0.52,3.7,18,1,5.56,0.0
T0739,1,0,100.0,16,31,1,3,0,0.46,41.8,5,5,100.0,0.0
T0740,2,3,9.67,25,39,0,2,2,0.99,14.9,5,2,40.0,30.33
T0741,3,6,42.58,29,23,1,0,1,0.31,1.1,18,12,66.67,24.09
T0742,3,7,5.0,17,12,0,2,3,0.45,11.5,8,1,12.5,7.5
T0743,2,11,7.56,17,14,4,1,1,0.59,17.0,13,2,15.38,7.82
T0744,3,0,55.69,7,18,3,1,3,0.58,47.6,10,10,100.0,44.31
T0745,2,11,5.0,3,27,2,2,0,0.58,25.6,17,6,35.29,30.29
T0746,3,2,71.06,14,28,3,3,0,0.34,10.6,15,13,86.67,15.61
T0747,2,4,43.99,10,18,3,1,0,0.32,16.7,7,3,42.86,0.0
T0748,2,1,75.99,35,16,4,2,3,0.4,16.5,5,4,80.0,4.01
T0749,3,8,5.0,18,16,1,0,0,0.93,1.9,8,0,0.0,0.0
T0750,2,5,67.45,28,13,2,2,0,0.29,7.4,16,11,68.75,1.3
T0751,3,2,93.85,30,29,1,2,0,0.81,33.7,17,15,88.24,0.0
T0752,2,6,23.33,38,9,3,4,0,0.81,6.7,13,7,53.85,30.52
T0753,1,4,43.39,23,26,0,1,1,0.85,11.8,7,3,42.86,0.0
T0754,1,2,93.56,25,28,3,3,0,0.91,17.5,16,14,87.5,0.0
T0755,2,5,73.21,8,13,1,3,0,0.41,36.6,13,8,61.54,0.0
T0756,2,2,75.17,35,36,3,4,1,0.38,28.4,11,9,81.82,6.65
T0757,3,10,43.08,13,9,0,3,1,0.57,33.4,16,6,37.5,0.0
T0758,1,14,22.02,24,14,4,2,3,0.41,27.6,18,4,22.22,0.2
T0759,3,19,16.85,16,12,1,4,2,0.79,33.1,19,0,0.0,0.0
T0760,3,8,5.0,34,32,3,0,0,0.71,1.1,8,0,0.0,0.0
T0761,1,5,5.0,14,38,1,1,0,0.9,44.8,7,2,28.57,23.57
T0762,3,2,88.52,24,3,4,1,0,0.27,6.2,14,12,85.71,0.0
T0763,3,6,70.8,39,16,3,1,3,0.93,20.1,19,13,68.42,0.0
T0764,3,2,32.35,33,20,3,2,0,0.43,37.2,9,7,77.78,45.43
T0765,3,8,5.0,36,32,1,0,2,0.59,21.5,9,1,11.11,6.11
T0766,3,4,47.52,2,23,1,4,1,0.55,45.5,7,3,42.86,0.0
T0767,2,12,5.0,6,17,0,4,3,0.81,23.0,16,4,25.0,20.0
T0768,2,5,63.65,14,16,4,1,1,0.54,42.1,13,8,61.54,0.0
T0769,3,8,5.0,6,38,0,0,0,0.95,39.1,8,0,0.0,0.0
T0770,2,11,6.15,33,8,3,0,0,0.92,47.1,15,4,26.67,20.52
T0771,2,1,76.69,22,19,1,0,0,0.9,44.5,9,8,88.89,12.2
T0772,1,8,5.0,25,30,3,3,2,0.26,43.2,8,0,0.0,0.0
T0773,3,1,66.61,19,34,3,3,2,0.88,35.4,9,8,88.89,22.28
T0774,1,4,54.61,22,14,2,1,3,0.83,18.2,11,7,63.64,9.03
T0775,3,10,22.48,11,22,2,0,1,0.28,6.0,13,3,23.08,0.6
T0776,2,0,89.76,25,17,3,0,0,0.29,33.4,11,11,100.0,10.24
T0777,1,13,12.37,22,15,1,4,0,0.28,47.0,17,4,23.53,11.16
T0778,2,5,42.51,26,32,3,4,0,0.21,35.2,9,4,44.44,1.93
T0779,1,4,23.65,24,13,2,1,0,0.64,44.7,14,10,71.43,47.78
T0780,2,3,70.79,23,21,1,0,2,0.98,38.8,14,11,78.57,7.78
T0781,3,6,15.07,5,33,3,1,1,0.55,8.7,11,5,45.45,30.38
T0782,3,12,14.38,35,27,4,4,1,0.63,12.7,18,6,33.33,18.95
T0783,1,6,49.5,7,35,4,4,3,0.97,17.1,19,13,68.42,18.92
T0784,1,7,34.98,29,16,3,3,2,0.4,8.9,14,7,50.0,15.02
T0785,3,8,5.0,32,28,1,1,0,0.89,28.3,9,1,11.11,6.11
T0786,3,7,6.15,36,34,3,1,1,0.64,46.8,7,0,0.0,0.0
T0787,2,5,38.8,24,1,3,0,1,0.66,36.8,11,6,54.55,15.75
T0788,2,14,14.98,7,31,2,0,2,0.47,20.9,17,3,17.65,2.67
T0789,2,5,52.05,17,36,4,3,3,0.65,1.2,15,10,66.67,14.62
T0790,3,8,46.23,3,33,2,2,3,0.26,15.7,15,7,46.67,0.44
T0791,2,3,5.33,25,33,2,2,0,0.81,25.8,6,3,50.0,44.67
T0792,1,1,59.8,18,39,3,2,3,0.43,16.2,19,18,94.74,34.94
T0793,1,4,61.58,2,18,2,1,1,0.91,6.2,16,12,75.0,13.42
T0794,3,0,100.0,7,23,4,1,3,0.49,21.8,13,13,100.0,0.0
T0795,1,5,39.47,6,23,2,4,0,0.31,12.9,14,9,64.29,24.82
T0796,2,4,79.25,30,15,4,1,1,0.76,43.7,14,10,71.43,0.0
T0797,2,15,5.0,13,26,2,1,3,0.33,5.8,16,1,6.25,1.25
T0798,1,5,5.0,4,30,4,1,3,0.8,3.3,5,0,0.0,0.0
T0799,1,9,33.97,2,25,2,3,2,0.97,1.2,17,8,47.06,13.09
T0800,3,10,5.0,28,16,2,1,0,0.82,16.4,10,0,0.0,0.0
T0801,3,2,88.65,25,39,1,0,3,0.22,32.0,11,9,81.82,0.0
T0802,3,16,8.0,20,14,4,0,2,0.68,35.3,18,2,11.11,3.11
T0803,3,12,5.68,9,17,4,4,1,0.76,22.3,17,5,29.41,23.73
T0804,2,8,10.44,3,12,4,3,2,0.86,33.2,12,4,33.33,22.89
T0805,3,10,18.05,31,29,0,0,2,0.24,17.9,14,4,28.57,10.52
T0806,2,8,16.65,31,32,2,3,3,0.58,32.4,13,5,38.46,21.81
T0807,2,0,100.0,33,24,4,3,3,0.63,2.9,6,6,100.0,0.0
T0808,3,9,5.0,2,13,0,4,3,0.34,19.4,15,6,40.0,35.0
T0809,1,14,5.0,39,20,1,3,2,0.46,38.2,14,0,0.0,0.0
T0810,2,6,5.0,14,15,4,1,1,0.55,38.7,6,0,0.0,0.0
T0811,2,7,5.0,12,4,4,3,0,0.87,34.7,9,2,22.22,17.22
T0812,1,1,100.0,11,34,0,4,2,0.94,10.6,17,16,94.12,0.0
T0813,1,0,100.0,27,28,2,4,3,0.7,12.6,9,9,100.0,0.0
T0814,3,8,5.0,21,2,1,4,0,0.52,47.8,10,2,20.0,15.0
T0815,3,6,10.45,18,30,4,0,1,0.4,5.9,7,1,14.29,3.84
T0816,2,11,5.0,18,26,2,1,0,0.99,9.5,12,1,8.33,3.33
T0817,1,1,97.84,5,26,1,0,3,0.99,7.1,17,16,94.12,0.0
T0818,1,3,26.98,6,20,3,2,2,0.94,16.4,5,2,40.0,13.02
T0819,3,8,30.74,24,28,3,1,2,0.83,10.9,10,2,20.0,0.0
T0820,2,3,49.18,11,20,1,3,3,0.46,24.4,8,5,62.5,13.32
T0821,2,1,43.26,29,11,0,4,2,0.85,23.4,5,4,80.0,36.74
T0822,2,5,63.26,34,10,1,2,3,0.53,43.4,19,14,73.68,10.42
T0823,2,3,85.74,27,23,1,1,2,0.46,2.6,11,8,72.73,0.0
T0824,2,5,56.09,30,37,0,0,2,0.8,16.0,13,8,61.54,5.45
T0825,3,14,5.0,28,19,0,4,2,0.26,29.0,17,3,17.65,12.65
T0826,2,4,39.83,19,18,2,0,1,0.24,29.4,8,4,50.0,10.17
T0827,2,7,5.0,11,27,2,1,1,0.56,23.6,8,1,12.5,7.5
T0828,2,0,76.14,6,6,0,1,3,0.56,39.3,10,10,100.0,23.86
T0829,3,8,42.79,11,10,3,2,1,0.92,3.9,16,8,50.0,7.21
T0830,2,17,10.87,22,2,3,3,3,0.3,39.3,19,2,10.53,0.0
T0831,1,5,6.77,25,24,1,0,0,0.3,24.3,7,2,28.57,21.8
T0832,2,9,39.03,39,38,4,2,0,0.32,7.3,17,8,47.06,8.03
T0833,1,14,18.97,4,28,1,4,1,0.22,42.6,16,2,12.5,0.0
T0834,3,2,43.84,32,28,1,3,0,0.26,31.5,10,8,80.0,36.16
T0835,2,10,5.0,38,39,4,2,0,0.73,8.7,11,1,9.09,4.09
T0836,3,4,63.21,3,2,0,0,2,0.55,2.6,15,11,73.33,10.12
T0837,1,5,40.42,3,5,3,1,2,0.81,7.6,14,9,64.29,23.87
T0838,3,6,40.49,35,11,1,4,3,0.99,29.6,14,8,57.14,16.65
T0839,2,1,90.09,21,10,4,0,0,0.73,9.4,7,6,85.71,0.0
T0840,3,4,50.65,34,2,2,3,3,0.24,11.6,11,7,63.64,12.99
T0841,2,14,25.05,5,15,1,3,3,0.28,2.2,18,4,22.22,0.0
T0842,2,5,26.4,12,39,3,1,0,0.9,35.0,7,2,28.57,2.17
T0843,3,16,5.0,6,37,0,1,1,0.62,39.1,17,1,5.88,0.88
T0844,1,3,83.6,26,7,1,4,0,0.86,38.5,17,14,82.35,0.0
T0845,1,1,79.39,38,20,1,4,2,0.89,7.0,6,5,83.33,3.94
T0846,2,9,48.31,35,34,4,1,0,0.94,43.5,16,7,43.75,0.0
T0847,2,14,26.71,10,35,2,1,1,0.96,32.6,18,4,22.22,0.0
T0848,1,5,69.14,7,34,2,3,3,0.64,43.2,14,9,64.29,0.0
T0849,1,7,5.0,19,22,0,1,3,0.47,22.0,8,1,12.5,7.5
T0850,1,11,42.84,15,31,3,2,2,0.97,21.5,16,5,31.25,0.0
T0851,3,8,26.13,20,23,0,0,2,0.64,37.9,12,4,33.33,7.2
T0852,2,2,82.1,15,19,1,1,2,0.25,5.4,17,15,88.24,6.14
T0853,3,7,48.38,18,4,1,4,3,0.71,25.5,19,12,63.16,14.78
T0854,3,2,80.82,36,24,2,2,2,0.67,40.3,13,11,84.62,3.8
T0855,2,7,44.63,30,20,3,4,0,0.92,40.0,11,4,36.36,0.0
T0856,1,1,62.18,18,39,4,2,3,0.72,45.9,5,4,80.0,17.82
T0857,1,7,5.0,9,28,3,1,1,0.48,33.8,7,0,0.0,0.0
T0858,1,0,66.38,2,39,1,0,3,0.97,10.8,17,17,100.0,33.62
T0859,3,9,26.82,37,17,4,4,0,0.84,2.0,16,7,43.75,16.93
T0860,2,6,68.41,8,19,3,2,0,0.7,23.5,18,12,66.67,0.0
T0861,1,0,83.78,6,35,3,3,2,0.43,25.1,13,13,100.0,16.22
T0862,2,1,76.16,25,32,4,1,3,0.5,12.3,19,18,94.74,18.58
T0863,2,14,5.0,29,39,1,0,3,0.74,6.9,16,2,12.5,7.5
T0864,2,4,11.47,18,35,3,1,3,0.26,28.6,5,1,20.0,8.53
T0865,1,6,19.23,38,30,4,3,1,0.41,36.9,13,7,53.85,34.62
T0866,3,2,61.24,21,17,1,0,2,0.77,47.7,12,10,83.33,22.09
T0867,2,1,58.89,4,29,4,3,0,0.58,36.6,5,4,80.0,21.11
T0868,1,10,5.0,38,6,4,1,0,0.52,38.3,10,0,0.0,0.0
T0869,3,4,52.22,27,17,3,2,2,0.32,30.0,9,5,55.56,3.34
T0870,1,3,81.69,16,17,1,1,0,0.55,47.3,10,7,70.0,0.0
T0871,3,12,5.0,9,14,3,1,0,0.82,31.1,14,2,14.29,9.29
T0872,3,1,55.22,14,24,0,1,2,0.41,41.4,16,15,93.75,38.53
T0873,3,10,42.46,4,37,0,4,0,0.2,45.5,17,7,41.18,0.0
T0874,3,17,5.0,2,39,1,3,3,0.73,44.7,17,0,0.0,0.0
T0875,2,2,52.88,10,32,4,3,1,0.98,18.9,17,15,88.24,35.36
T0876,3,11,5.0,32,36,3,3,2,0.69,4.7,19,8,42.11,37.11
T0877,2,1,97.84,27,37,3,4,1,0.3,9.1,9,8,88.89,0.0
T0878,3,6,28.22,18,14,1,2,0,0.46,3.8,10,4,40.0,11.78
T0879,3,0,100.0,35,27,1,1,0,0.89,6.0,9,9,100.0,0.0
T0880,3,12,5.0,10,19,0,2,3,0.39,9.7,15,3,20.0,15.0
T0881,3,11,24.06,14,31,2,4,2,0.69,17.0,16,5,31.25,7.19
T0882,2,3,62.59,6,9,1,3,0,0.52,26.5,9,6,66.67,4.08
T0883,3,4,36.34,14,38,2,1,2,0.37,34.4,8,4,50.0,13.66
T0884,2,5,21.64,2,17,1,0,2,0.85,10.9,7,2,28.57,6.93
T0885,3,3,13.41,26,19,4,0,2,0.79,32.6,7,4,57.14,43.73
T0886,2,0,60.7,5,4,4,2,2,0.73,34.1,8,8,100.0,39.3
T0887,2,11,5.0,37,11,0,3,2,0.39,27.3,13,2,15.38,10.38
T0888,2,0,90.19,11,22,0,0,1,0.28,43.5,6,6,100.0,9.81
T0889,2,10,31.15,29,4,2,2,3,0.66,6.2,19,9,47.37,16.22
T0890,3,4,73.52,7,17,1,4,2,0.64,9.3,13,9,69.23,0.0
T0891,2,3,42.93,28,8,3,2,1,0.35,21.1,5,2,40.0,0.0
T0892,2,12,5.0,13,34,0,2,0,0.24,7.0,18,6,33.33,28.33
T0893,2,2,100.0,4,11,3,2,2,0.26,27.6,19,17,89.47,0.0
T0894,3,16,11.65,34,31,3,1,0,0.99,19.7,19,3,15.79,4.14
T0895,2,4,5.0,11,11,1,2,2,0.83,14.4,5,1,20.0,15.0
T0896,1,3,70.91,32,38,2,2,1,0.94,9.0,9,6,66.67,0.0
T0897,1,9,5.0,16,21,1,1,1,0.36,16.8,10,1,10.0,5.0
T0898,1,0,60.61,8,30,0,1,1,0.97,29.6,10,10,100.0,39.39
T0899,2,7,5.0,37,10,3,4,3,0.31,28.1,7,0,0.0,0.0
T0900,1,3,48.73,15,26,1,3,0,0.61,8.7,11,8,72.73,24.0
T0901,1,13,5.0,15,27,1,0,3,0.86,6.9,13,0,0.0,0.0
T0902,3,8,5.0,4,8,1,0,2,0.48,2.3,15,7,46.67,41.67
T0903,3,15,5.0,4,39,0,2,0,0.54,1.6,16,1,6.25,1.25
T0904,2,3,94.02,23,8,2,4,1,0.3,42.4,14,11,78.57,0.0
T0905,3,5,60.67,20,8,1,2,0,0.3,3.1,12,7,58.33,0.0
T0906,1,8,5.0,36,34,0,0,1,0.7,35.4,10,2,20.0,15.0
T0907,2,1,49.43,13,16,3,1,3,0.74,42.0,16,15,93.75,44.32
T0908,2,7,17.4,6,13,4,3,3,0.82,5.6,12,5,41.67,24.27
T0909,2,10,34.1,11,23,0,4,1,0.65,21.5,16,6,37.5,3.4
T0910,2,0,100.0,34,12,4,1,1,0.72,46.2,9,9,100.0,0.0
T0911,2,4,77.34,14,27,1,3,2,0.21,40.2,12,8,66.67,0.0
T0912,2,13,5.0,36,22,1,4,3,0.33,24.0,14,1,7.14,2.14
T0913,3,2,80.25,33,32,0,4,3,0.99,36.8,16,14,87.5,7.25
T0914,1,4,5.0,12,27,4,0,2,0.26,40.2,8,4,50.0,45.0
T0915,1,2,72.39,39,2,1,1,3,0.74,17.4,14,12,85.71,13.32
T0916,1,7,55.34,25,33,3,4,1,0.34,42.9,12,5,41.67,0.0
T0917,1,11,5.0,36,26,2,4,0,0.77,23.1,14,3,21.43,16.43
T0918,2,13,21.55,20,28,2,3,0,0.76,25.8,16,3,18.75,0.0
T0919,1,5,5.0,7,19,1,0,3,0.39,48.0,6,1,16.67,11.67
T0920,3,13,5.0,36,5,4,2,2,0.42,40.6,16,3,18.75,13.75
T0921,1,0,63.37,5,33,1,0,1,0.72,18.0,16,16,100.0,36.63
T0922,1,4,8.7,34,20,4,2,0,0.51,1.5,9,5,55.56,46.86
T0923,2,13,5.0,14,30,3,1,1,0.36,30.4,13,0,0.0,0.0
T0924,1,3,59.74,37,8,4,1,3,0.79,34.1,8,5,62.5,2.76
T0925,2,15,5.0,20,38,1,4,3,0.32,31.6,15,0,0.0,0.0
T0926,2,5,47.8,13,17,3,1,0,0.88,46.5,10,5,50.0,2.2
T0927,1,2,97.83,12,1,0,4,3,0.61,41.6,19,17,89.47,0.0
T0928,1,4,44.98,7,3,2,0,2,0.28,22.1,5,1,20.0,0.0
T0929,2,0,77.69,13,26,1,1,3,0.76,4.0,13,13,100.0,22.31
T0930,1,1,76.68,28,31,1,0,3,0.62,23.4,5,4,80.0,3.32
T0931,1,6,23.13,26,8,1,0,3,0.44,33.4,9,3,33.33,10.2
T0932,1,6,5.0,4,8,3,1,1,0.54,29.6,8,2,25.0,20.0
T0933,1,6,44.47,4,35,0,0,1,0.44,26.3,17,11,64.71,20.24
T0934,2,10,30.32,21,39,4,1,0,0.41,23.0,16,6,37.5,7.18
T0935,2,7,53.44,29,28,0,1,0,0.33,14.8,17,10,58.82,5.38
T0936,2,17,5.0,24,4,3,1,0,0.49,14.0,17,0,0.0,0.0
T0937,1,13,17.07,4,16,1,2,3,0.4,24.5,18,5,27.78,10.71
T0938,1,1,85.02,25,13,2,0,1,0.75,8.5,7,6,85.71,0.69
T0939,3,3,87.66,7,20,1,3,2,0.75,17.0,17,14,82.35,0.0
T0940,2,8,5.0,21,5,4,1,3,0.6,16.2,10,2,20.0,15.0
T0941,3,4,37.04,12,37,2,0,3,0.82,28.6,6,2,33.33,0.0
T0942,2,6,5.0,33,20,1,4,3,0.87,4.1,7,1,14.29,9.29
T0943,2,3,30.4,28,24,2,1,2,0.66,40.0,9,6,66.67,36.27
T0944,2,18,7.6,22,36,0,1,0,0.7,27.4,19,1,5.26,0.0
T0945,2,0,69.21,14,34,3,3,2,0.43,32.5,13,13,100.0,30.79
T0946,2,5,16.73,23,34,1,2,0,0.92,34.0,6,1,16.67,0.0
T0947,2,2,37.15,36,19,4,2,2,0.22,14.7,14,12,85.71,48.56
T0948,1,9,14.36,23,17,0,1,1,0.48,23.1,12,3,25.0,10.64
T0949,2,2,52.73,29,5,1,0,3,0.78,45.9,18,16,88.89,36.16
T0950,3,4,34.54,22,25,0,4,3,0.26,37.0,6,2,33.33,0.0
T0951,3,3,77.73,19,18,4,4,3,0.35,46.6,15,12,80.0,2.27
T0952,2,9,59.43,32,8,1,0,0,0.67,36.1,17,8,47.06,0.0
T0953,2,3,73.16,38,27,4,1,2,0.65,9.3,9,6,66.67,0.0
T0954,1,5,42.92,22,15,2,4,1,0.79,4.0,11,6,54.55,11.63
T0955,2,0,88.82,15,13,4,2,2,0.85,28.2,12,12,100.0,11.18
T0956,2,1,78.96,26,16,2,0,3,0.3,17.8,5,4,80.0,1.04
T0957,3,0,96.84,28,22,1,3,1,0.21,13.9,10,10,100.0,3.16
T0958,2,2,11.77,24,20,2,1,1,0.75,38.9,5,3,60.0,48.23
T0959,2,5,25.55,32,13,1,0,3,0.44,18.2,6,1,16.67,0.0
T0960,2,5,70.45,30,20,1,4,2,0.7,15.9,19,14,73.68,3.23
T0961,3,0,96.88,31,2,3,1,3,0.32,40.9,5,5,100.0,3.12
T0962,2,12,28.42,27,35,1,2,2,0.58,40.8,15,3,20.0,0.0
T0963,2,4,14.76,21,19,2,1,1,0.6,17.7,9,5,55.56,40.8
T0964,3,4,72.26,39,37,3,1,1,0.67,40.1,14,10,71.43,0.0
T0965,1,17,5.0,20,6,3,2,3,0.61,41.0,19,2,10.53,5.53
T0966,3,13,5.0,28,14,1,2,1,0.6,20.9,13,0,0.0,0.0
T0967,1,3,31.97,26,4,4,1,0,0.47,4.1,10,7,70.0,38.03
T0968,3,4,58.08,39,22,4,2,1,0.26,1.1,15,11,73.33,15.25
T0969,2,3,38.06,24,39,3,0,0,0.27,25.6,15,12,80.0,41.94
T0970,2,1,36.04,30,36,1,2,1,0.55,17.2,5,4,80.0,43.96
T0971,3,3,72.13,16,34,4,2,3,0.48,47.9,17,14,82.35,10.22
T0972,1,1,66.89,4,27,1,1,3,0.61,37.3,5,4,80.0,13.11
T0973,1,4,12.63,11,7,1,0,0,0.44,36.8,6,2,33.33,20.7
T0974,2,10,7.28,16,3,3,3,3,0.75,45.9,13,3,23.08,15.8
T0975,2,2,51.49,17,33,3,3,1,0.89,42.7,7,5,71.43,19.94
T0976,2,1,90.1,18,2,0,4,1,0.44,16.0,19,18,94.74,4.64
T0977,1,5,5.0,20,16,4,2,3,0.35,8.8,5,0,0.0,0.0
T0978,1,5,31.57,12,25,4,2,1,0.29,36.1,9,4,44.44,12.87
T0979,1,9,14.27,6,15,4,0,2,0.69,18.8,11,2,18.18,3.91
T0980,1,0,94.48,6,24,2,3,2,0.56,23.2,10,10,100.0,5.52
T0981,2,16,5.0,15,15,1,4,1,0.35,30.6,16,0,0.0,0.0
T0982,3,4,5.0,27,31,3,0,3,0.72,43.7,5,1,20.0,15.0
T0983,3,4,71.47,9,14,4,2,0,0.32,20.7,9,5,55.56,0.0
T0984,3,5,27.37,6,14,0,3,3,0.64,37.8,19,14,73.68,46.31
T0985,1,8,23.82,8,6,4,4,0,0.62,13.6,9,1,11.11,0.0
T0986,2,8,22.05,17,14,1,1,3,0.79,33.8,10,2,20.0,0.0
T0987,1,0,85.4,15,17,1,3,1,0.24,1.1,7,7,100.0,14.6
T0988,1,9,5.0,38,18,3,4,2,0.91,42.0,9,0,0.0,0.0
T0989,2,3,66.29,5,20,2,0,3,0.76,2.4,11,8,72.73,6.44
T0990,1,2,38.07,37,17,3,1,0,0.37,34.5,9,7,77.78,39.71
T0991,1,8,5.0,18,16,4,4,2,0.35,3.2,9,1,11.11,6.11
T0992,3,2,89.82,37,39,0,4,0,0.55,13.5,9,7,77.78,0.0
T0993,2,3,86.84,7,32,3,2,1,0.85,24.4,14,11,78.57,0.0
T0994,2,1,46.14,17,9,2,3,2,0.87,20.7,14,13,92.86,46.72
T0995,1,7,5.0,30,27,3,2,0,0.62,10.0,7,0,0.0,0.0
T0996,1,5,5.0,37,33,1,1,3,0.89,16.7,5,0,0.0,0.0
T0997,3,5,5.5,39,10,4,4,1,0.2,35.2,9,4,44.44,38.94
T0998,1,11,41.17,38,17,4,2,1,0.23,32.5,18,7,38.89,0.0
T0999,2,3,68.6,11,36,4,3,1,0.93,4.4,13,10,76.92,8.32
T1000,1,5,74.15,37,17,4,1,3,0.82,36.1,18,13,72.22,0.0
